# {"t_start": 1561906997.5203319, "env_id": "citycopter-v0"} 
r,l,t
-5.0,8,3.659014
-5.0,7,4.67238
-5.0,8,5.704847
-5.0,7,6.676633
-5.0,5,7.349974
-5.0,7,8.347343
-5.0,6,9.233539
-5.0,7,10.212014
-5.0,9,11.529916
-5.0,5,12.352321
-5.0,7,13.315925
-5.0,9,14.570794
-4.0,12,16.366111
-5.0,7,17.346379
-5.0,9,18.697571
