# {"t_start": 1561906997.6527183, "env_id": "citycopter-v0"} 
r,l,t
-5.0,8,3.491368
-5.0,6,4.369359
-4.0,14,6.220661
-5.0,9,7.56813
-5.0,6,8.404066
-5.0,5,9.128592
-5.0,6,9.942006
-5.0,9,11.269654
-5.0,4,11.925979
-5.0,6,12.797073
-5.0,7,13.766262
-4.0,16,16.108384
-5.0,7,17.110872
-5.0,4,17.734169
-5.0,5,18.409936
-5.0,6,19.277849
