# {"t_start": 1561906997.655456, "env_id": "citycopter-v0"} 
r,l,t
-5.0,5,3.049744
-5.0,4,3.676775
-5.0,9,4.984045
-5.0,10,6.207043
-5.0,7,7.209778
-5.0,6,8.102237
-5.0,4,8.648218
-5.0,10,10.120097
-5.0,9,11.437498
-5.0,9,12.760326
-5.0,6,13.617191
-5.0,7,14.627333
-5.0,6,15.505343
-5.0,5,16.24224
-5.0,9,17.56435
-5.0,6,18.424947
-5.0,7,19.433758
