# {"t_start": 1561906997.627729, "env_id": "citycopter-v0"} 
r,l,t
-5.0,5,3.11573
-5.0,4,3.698992
-5.0,7,4.700529
-5.0,6,5.448875
-5.0,7,6.435433
-5.0,6,7.229268
-5.0,7,8.293628
-5.0,9,9.644432
-5.0,7,10.610505
-5.0,7,11.627292
-5.0,11,13.282861
-5.0,10,14.663847
-5.0,9,15.949242
-5.0,10,17.390143
-5.0,7,18.433535
-5.0,8,19.612469
