# {"t_start": 1561906997.6430657, "env_id": "citycopter-v0"} 
r,l,t
-5.0,9,3.718567
-5.0,7,4.697294
-4.0,12,6.241378
-5.0,8,7.436353
-5.0,10,8.845264
-5.0,8,9.967647
-5.0,6,10.847133
-5.0,9,12.167499
-5.0,11,13.772254
-5.0,6,14.670269
-5.0,9,15.936124
-4.0,18,18.58168
-5.0,5,19.297573
