# {"t_start": 1561906997.436341, "env_id": "citycopter-v0"} 
r,l,t
-5.0,11,4.23063
-4.0,14,6.059487
-5.0,7,7.013618
-5.0,9,8.252253
-4.0,12,10.022731
-4.0,13,11.943357
-5.0,6,12.806914
-4.0,13,14.695789
-5.0,6,15.523422
-5.0,6,16.418164
-5.0,6,17.321505
-5.0,7,18.264811
-5.0,10,19.801812
