# {"t_start": 1561906997.5418139, "env_id": "citycopter-v0"} 
r,l,t
-5.0,10,4.024476
-5.0,6,4.756194
-5.0,5,5.41319
-5.0,7,6.329933
-5.0,5,7.104867
-5.0,9,8.322074
-5.0,7,9.381846
-5.0,10,10.789849
-5.0,7,11.858992
-5.0,7,12.887028
-5.0,11,14.413285
-5.0,6,15.263743
-5.0,4,15.893401
-5.0,5,16.671717
-5.0,7,17.663215
-5.0,11,19.166452
