# {"t_start": 1561906997.6123004, "env_id": "citycopter-v0"} 
r,l,t
-5.0,7,3.439813
-5.0,11,5.007012
-5.0,10,6.292809
-5.0,7,7.275445
-4.0,13,9.180542
-5.0,11,10.766405
-5.0,7,11.774252
-5.0,11,13.400575
-5.0,9,14.630663
-5.0,5,15.381608
-5.0,10,16.918988
-5.0,5,17.555943
-5.0,5,18.278687
-5.0,9,19.631225
