# {"t_start": 1561906997.5658371, "env_id": "citycopter-v0"} 
r,l,t
-5.0,9,3.749228
-5.0,9,5.062869
-5.0,7,5.902592
-5.0,7,6.926732
-5.0,6,7.774482
-5.0,4,8.302784
-5.0,6,9.204362
-5.0,6,10.064234
-5.0,10,11.471189
-5.0,5,12.293067
-5.0,6,13.10084
-5.0,6,14.03141
-5.0,6,14.893824
-5.0,7,15.831017
-5.0,6,16.818255
-5.0,11,18.346958
-5.0,6,19.184004
