# {"t_start": 1561907132.0187774, "env_id": "pixelcopter-v0"} 
r,l,t
-5.0,6,11.72811
-5.0,9,11.785342
-5.0,6,11.842966
-5.0,7,11.891452
-4.0,10,11.954362
-5.0,8,12.0091
-1.0,30,12.194427
-2.0,24,12.331977
-3.0,19,12.452096
-2.0,26,12.605663
3.0,54,12.953443
-2.0,23,13.10239
-4.0,12,13.168497
-1.0,31,13.353475
-1.0,31,13.547175
8.0,81,14.028848
-2.0,22,14.156491
5.0,69,14.573911
1.0,46,14.944664
