# {"t_start": 1561907132.0207386, "env_id": "pixelcopter-v0"} 
r,l,t
-5.0,6,11.726153
-4.0,12,11.812727
-5.0,7,11.863064
0.0,37,12.108874
-2.0,24,12.248703
-3.0,21,12.378497
1.0,42,12.629605
-4.0,10,12.698078
3.0,58,13.066234
2.0,53,13.384017
0.0,36,13.603573
0.0,37,13.818718
17.0,140,14.657511
-2.0,27,14.910783
