# {"t_start": 1561907132.059748, "env_id": "pixelcopter-v0"} 
r,l,t
-5.0,8,11.698356
-5.0,8,11.762597
-4.0,11,11.846962
-5.0,6,11.883943
-4.0,10,11.94676
-5.0,7,11.985839
-3.0,18,12.103572
-4.0,12,12.168785
-3.0,18,12.283396
0.0,37,12.50458
-3.0,20,12.625564
3.0,59,13.00664
2.0,49,13.304155
2.0,49,13.603319
6.0,72,14.027439
6.0,66,14.421248
2.0,48,14.711127
