# {"t_start": 1561907132.061758, "env_id": "pixelcopter-v0"} 
r,l,t
-5.0,4,11.443562
-4.0,14,11.77226
-5.0,9,11.84447
-5.0,9,11.903782
-3.0,16,12.003243
-2.0,23,12.138962
-3.0,20,12.259903
3.0,55,12.593323
-2.0,24,12.753766
-1.0,30,12.940513
1.0,43,13.206944
6.0,77,13.663737
11.0,99,14.264837
5.0,67,14.655199
