# {"t_start": 1561907132.0682418, "env_id": "pixelcopter-v0"} 
r,l,t
-5.0,5,11.441623
-4.0,10,11.736589
-5.0,4,11.771316
-5.0,6,11.81681
-5.0,5,11.85387
-4.0,10,11.914749
-5.0,4,11.942617
2.0,53,12.271335
-2.0,23,12.407359
-4.0,11,12.480733
-2.0,26,12.638446
-1.0,30,12.833556
4.0,55,13.171633
4.0,64,13.556463
-2.0,22,13.683664
0.0,40,13.926252
3.0,58,14.280561
2.0,48,14.557467
