# {"t_start": 1561907132.075141, "env_id": "pixelcopter-v0"} 
r,l,t
-3.0,16,11.747211
-5.0,6,11.793053
-5.0,8,11.846879
-4.0,12,11.926788
-2.0,26,12.088004
-2.0,28,12.260011
-1.0,31,12.447926
-2.0,26,12.601553
1.0,44,12.888811
-2.0,22,13.022685
0.0,35,13.228631
2.0,49,13.528298
-1.0,31,13.710708
5.0,68,14.122059
0.0,37,14.343144
