# {"t_start": 1561907132.0743027, "env_id": "pixelcopter-v0"} 
r,l,t
-5.0,5,11.435782
-4.0,12,11.754226
-5.0,6,11.799829
-5.0,6,11.841733
-4.0,10,11.903675
2.0,47,12.195517
-3.0,21,12.324816
-2.0,28,12.490487
-2.0,27,12.671314
3.0,55,13.013371
-1.0,29,13.190257
5.0,61,13.556323
2.0,48,13.830302
-2.0,28,14.00809
-2.0,27,14.172982
2.0,53,14.489403
0.0,36,14.701299
