# {"t_start": 1561907132.0774946, "env_id": "pixelcopter-v0"} 
r,l,t
-3.0,17,11.750963
-4.0,11,11.833649
5.0,66,12.240216
-2.0,24,12.389515
-3.0,21,12.514292
1.0,44,12.800023
-2.0,24,12.947457
-2.0,27,13.110229
1.0,43,13.374793
2.0,52,13.678895
7.0,77,14.146915
5.0,66,14.540251
2.0,52,14.951213
