# {"t_start": 1561907132.0270545, "env_id": "pixelcopter-v0"} 
r,l,t
-4.0,14,11.770368
-4.0,14,11.883242
-5.0,5,11.916072
-5.0,6,11.95049
-4.0,13,12.036834
0.0,36,12.252075
-2.0,23,12.40182
-3.0,19,12.508214
-3.0,18,12.61849
-4.0,10,12.685759
4.0,63,13.089691
2.0,49,13.378178
4.0,65,13.762554
-1.0,31,13.959514
10.0,93,14.507781
