# {"t_start": 1561907132.0351183, "env_id": "pixelcopter-v0"} 
r,l,t
-5.0,6,11.711821
-3.0,16,11.831877
-5.0,7,11.88054
0.0,40,12.131819
-5.0,6,12.164186
-3.0,21,12.299638
-1.0,29,12.469694
-1.0,31,12.664263
-2.0,24,12.818397
2.0,48,13.119585
11.0,99,13.710888
3.0,58,14.056712
2.0,52,14.37403
2.0,49,14.66449
-2.0,23,14.889705
