# {"t_start": 1561907132.0334773, "env_id": "pixelcopter-v0"} 
r,l,t
-5.0,6,11.713459
-5.0,7,11.759019
-5.0,8,11.827425
-5.0,5,11.86717
-5.0,6,11.905378
-4.0,10,11.967459
-5.0,5,11.999235
-3.0,19,12.120508
-3.0,20,12.236125
-2.0,24,12.380153
-1.0,29,12.558882
1.0,41,12.820044
-3.0,20,12.943165
-3.0,20,13.068378
5.0,69,13.485246
6.0,71,13.907798
0.0,37,14.133329
5.0,66,14.529548
4.0,57,14.970054
