# {"t_start": 1561907132.0400064, "env_id": "pixelcopter-v0"} 
r,l,t
-5.0,8,11.717356
-1.0,33,11.956438
-2.0,23,12.097208
1.0,43,12.358542
-3.0,19,12.477729
0.0,35,12.70033
-1.0,34,12.905492
1.0,46,13.195109
6.0,66,13.590881
1.0,46,13.856242
-1.0,30,14.041384
12.0,106,14.672028
