# {"t_start": 1561907132.0432665, "env_id": "pixelcopter-v0"} 
r,l,t
-5.0,6,11.704255
-5.0,8,11.754719
-4.0,14,11.867592
7.0,73,12.321465
-3.0,20,12.44524
0.0,40,12.697548
-3.0,18,12.805187
15.0,123,13.556152
4.0,54,13.875159
-2.0,27,14.038591
-2.0,24,14.186663
-1.0,31,14.370775
2.0,52,14.673253
