# {"t_start": 1561907132.04726, "env_id": "pixelcopter-v0"} 
r,l,t
-4.0,10,11.719739
-5.0,6,11.775085
-5.0,9,11.837098
-5.0,5,11.873607
-4.0,10,11.936179
-5.0,5,11.968142
-5.0,6,12.011875
1.0,43,12.269985
-2.0,27,12.441912
-4.0,10,12.501436
-5.0,5,12.530946
-1.0,31,12.728226
6.0,74,13.188372
2.0,47,13.466938
3.0,59,13.817584
0.0,35,14.030553
2.0,49,14.330269
5.0,66,14.717679
