# {"t_start": 1561907132.050866, "env_id": "pixelcopter-v0"} 
r,l,t
-5.0,5,11.458939
-3.0,17,11.816717
-5.0,8,11.869932
-4.0,10,11.931893
-5.0,6,11.977701
-3.0,20,12.103749
-2.0,26,12.258176
-2.0,26,12.416481
-1.0,30,12.595722
-3.0,17,12.707073
3.0,55,13.051337
2.0,49,13.349051
5.0,68,13.756554
-2.0,24,13.907838
-1.0,29,14.070319
2.0,49,14.367882
2.0,52,14.681025
