# {"t_start": 1561907132.0567229, "env_id": "pixelcopter-v0"} 
r,l,t
-5.0,6,11.692056
-5.0,9,11.747499
-5.0,5,11.788279
-5.0,6,11.844437
-5.0,9,11.895513
-5.0,5,11.926505
-5.0,7,11.976189
-4.0,12,12.050168
-2.0,24,12.192505
-3.0,21,12.320133
-2.0,24,12.470389
-1.0,33,12.684223
-2.0,27,12.851414
2.0,49,13.152781
-3.0,19,13.264537
0.0,39,13.496422
7.0,77,13.962118
2.0,50,14.26434
