# {"t_start": 1561977743.274007, "env_id": "colorswitch-v0"} 
r,l,t
0.0,41,5.680152
1.0,69,11.013171
0.0,43,14.282143
0.0,43,17.564966
0.0,41,20.710589
0.0,41,23.87942
0.0,42,27.282691
