# {"t_start": 1561977743.2952273, "env_id": "colorswitch-v0"} 
r,l,t
0.0,43,5.896658
0.0,42,9.069471
0.0,46,12.628866
0.0,45,16.075444
1.0,69,21.323912
1.0,73,27.115639
