# {"t_start": 1561977743.3507822, "env_id": "colorswitch-v0"} 
r,l,t
0.0,41,5.636091
1.0,67,10.773095
1.0,66,15.851381
0.0,44,19.226991
1.0,67,24.371595
0.0,43,27.853884
