# {"t_start": 1561977743.3567445, "env_id": "colorswitch-v0"} 
r,l,t
0.0,42,5.749003
0.0,42,8.943146
1.0,69,14.197113
1.0,68,19.463895
0.0,44,22.791842
0.0,42,26.238724
0.0,42,29.496977
