# {"t_start": 1561977743.3709245, "env_id": "colorswitch-v0"} 
r,l,t
0.0,41,5.604714
0.0,41,8.776767
0.0,46,12.306219
1.0,70,17.681238
0.0,42,20.885065
0.0,43,24.193605
0.0,49,28.176371
