# {"t_start": 1561977743.372545, "env_id": "colorswitch-v0"} 
r,l,t
0.0,45,5.985483
1.0,71,11.401989
0.0,41,14.535704
0.0,41,17.687256
1.0,67,22.795261
0.0,42,26.189165
0.0,42,29.452235
