# {"t_start": 1561977743.3937619, "env_id": "colorswitch-v0"} 
r,l,t
0.0,41,5.579265
1.0,69,10.891167
0.0,45,14.352484
0.0,42,17.550832
1.0,74,23.271722
1.0,75,29.235636
