# {"t_start": 1561977743.3937619, "env_id": "colorswitch-v0"} 
r,l,t
0.0,46,6.053894
0.0,44,9.39434
0.0,45,12.819139
1.0,71,18.256079
0.0,41,21.414926
0.0,42,24.634946
0.0,41,27.976322
