# {"t_start": 1561977743.2767746, "env_id": "colorswitch-v0"} 
r,l,t
0.0,46,6.138817
0.0,43,9.426055
0.0,41,12.54353
0.0,41,15.707272
0.0,43,19.008569
1.0,71,24.415188
0.0,44,27.982505
