# {"t_start": 1561977743.2934358, "env_id": "colorswitch-v0"} 
r,l,t
1.0,70,7.954361
0.0,45,11.358536
1.0,68,16.588768
1.0,68,21.814035
0.0,42,25.21961
0.0,43,28.527182
