# {"t_start": 1561977743.304694, "env_id": "colorswitch-v0"} 
r,l,t
0.0,41,5.685108
0.0,43,8.980645
0.0,41,12.142477
0.0,44,15.50354
0.0,42,18.720905
0.0,42,21.971538
0.0,42,25.34498
0.0,44,28.756406
