# {"t_start": 1561977743.3117335, "env_id": "colorswitch-v0"} 
r,l,t
1.0,72,8.084272
1.0,67,13.220738
1.0,72,18.746767
0.0,44,22.098988
0.0,43,25.576236
0.0,42,28.807003
