# {"t_start": 1561977743.324789, "env_id": "colorswitch-v0"} 
r,l,t
0.0,44,5.91948
0.0,43,9.217024
0.0,41,12.347278
1.0,73,17.939962
1.0,69,23.22092
0.0,44,26.800043
