# {"t_start": 1561977743.3190453, "env_id": "colorswitch-v0"} 
r,l,t
0.0,42,5.756407
0.0,41,8.890124
0.0,44,12.288897
0.0,42,15.461636
0.0,43,18.807169
0.0,43,22.087217
0.0,42,25.517206
0.0,44,28.905967
