# {"t_start": 1561977743.3412583, "env_id": "colorswitch-v0"} 
r,l,t
0.0,42,5.752333
0.0,40,8.783479
0.0,42,11.992788
1.0,72,17.541416
1.0,70,22.913047
1.0,73,28.704247
