# {"t_start": 1561977743.3464162, "env_id": "colorswitch-v0"} 
r,l,t
0.0,42,5.738514
1.0,67,10.83534
0.0,44,14.207575
0.0,44,17.630029
0.0,42,20.821809
0.0,43,24.129748
0.0,42,27.560626
