# {"t_start": 1562174211.11666, "env_id": "citycopter-v0"} 
r,l,t
-5.0,7,11.869191
-5.0,6,12.18255
-5.0,7,12.592428
-5.0,9,13.059851
-5.0,6,13.376263
-4.0,12,13.983119
-5.0,6,14.281956
-5.0,9,14.669169
-5.0,11,15.178884
-5.0,9,15.584378
-4.0,16,16.313657
-3.0,21,17.052196
-5.0,5,17.293948
-5.0,8,17.674016
-1.0,37,19.34348
-3.0,23,20.411291
-5.0,5,20.642367
-5.0,7,20.941508
-5.0,5,21.153284
-4.0,14,21.700604
-5.0,7,22.032883
-5.0,7,22.291212
-2.0,29,23.509951
