# {"t_start": 1562174211.11595, "env_id": "citycopter-v0"} 
r,l,t
-5.0,9,11.950176
-5.0,8,12.426336
-5.0,7,12.771307
-5.0,6,13.12
-5.0,9,13.601728
-3.0,25,14.733458
-5.0,6,15.040372
-5.0,11,15.539347
-5.0,7,15.833974
-2.0,33,17.14708
-5.0,6,17.46305
-4.0,14,18.067515
-4.0,17,18.866239
-3.0,21,19.774795
-5.0,10,20.235656
-5.0,6,20.556925
-4.0,17,21.320023
-5.0,4,21.445071
-3.0,22,22.344467
-3.0,21,23.228571
-5.0,4,23.365183
