# {"t_start": 1562174211.149009, "env_id": "citycopter-v0"} 
r,l,t
-5.0,5,11.667088
-5.0,9,12.190889
-5.0,7,12.611619
-5.0,9,13.088359
-5.0,6,13.396323
-5.0,5,13.645704
-5.0,11,14.183032
-5.0,9,14.570737
-5.0,5,14.81425
-5.0,11,15.361442
0.0,48,17.299988
-5.0,5,17.549029
-5.0,9,17.940496
-3.0,23,19.035426
-3.0,26,20.152885
-5.0,4,20.375424
-2.0,31,21.680056
-5.0,4,21.858533
-3.0,26,22.912544
-5.0,6,23.202036
-1.0,38,24.801026
