# {"t_start": 1562174211.1499133, "env_id": "citycopter-v0"} 
r,l,t
-5.0,10,11.988266
-5.0,7,12.40032
-5.0,11,12.97476
-5.0,10,13.498634
-5.0,10,14.001073
-4.0,13,14.563133
-5.0,7,14.894031
-5.0,6,15.183275
-3.0,26,16.371084
-4.0,18,16.97263
-3.0,25,18.130762
-5.0,6,18.428038
-5.0,5,18.653298
-3.0,25,19.733541
-3.0,24,20.869935
-5.0,8,21.239886
-4.0,17,21.89456
-5.0,5,22.12523
-3.0,25,23.145753
-4.0,17,23.889611
-4.0,18,24.615093
-5.0,7,24.90572
