# {"t_start": 1562174211.057165, "env_id": "citycopter-v0"} 
r,l,t
-5.0,6,11.846498
-5.0,8,12.296997
-5.0,10,12.824776
-4.0,13,13.541309
-4.0,16,14.329739
-4.0,12,14.84734
-5.0,4,15.046047
-5.0,6,15.350674
-4.0,16,16.040762
-5.0,6,16.315984
-4.0,12,16.773678
-4.0,16,17.39323
-2.0,32,18.870891
-3.0,26,20.021904
-5.0,7,20.355361
-5.0,7,20.688693
0.0,43,22.473167
-5.0,6,22.731919
-5.0,11,23.173275
-5.0,7,23.480511
-5.0,6,23.747163
-4.0,14,24.323174
-5.0,6,24.571321
