# {"t_start": 1562174211.07506, "env_id": "citycopter-v0"} 
r,l,t
-4.0,12,12.160563
-4.0,12,12.798774
-5.0,6,13.149897
-5.0,6,13.484717
-5.0,9,13.925816
-2.0,29,15.257525
-5.0,11,15.773246
2.0,52,17.929399
-4.0,17,18.727104
-5.0,7,19.064263
-3.0,25,20.142241
-5.0,6,20.445029
-1.0,34,21.873933
-5.0,11,22.332463
-4.0,15,22.92868
-5.0,7,23.26375
-5.0,9,23.629578
