# {"t_start": 1562174211.0528626, "env_id": "citycopter-v0"} 
r,l,t
-5.0,10,12.08304
-5.0,6,12.419592
-4.0,17,13.352929
-4.0,12,13.951454
-5.0,6,14.229959
-4.0,14,14.845771
-4.0,12,15.453519
-4.0,12,15.946543
-5.0,4,16.138211
-5.0,7,16.468709
1.0,51,18.630913
-1.0,40,20.416566
-1.0,39,22.091757
-2.0,27,23.183435
-5.0,7,23.491087
-2.0,33,24.893572
-5.0,4,25.051587
