# {"t_start": 1562174211.0683935, "env_id": "citycopter-v0"} 
r,l,t
-5.0,9,11.982938
-5.0,7,12.407721
-5.0,11,13.002186
-5.0,11,13.589964
-5.0,6,13.887897
-5.0,6,14.152932
-5.0,7,14.501319
-5.0,11,14.965137
-4.0,16,15.728543
-5.0,8,16.072878
-5.0,4,16.238846
-1.0,37,17.76888
-4.0,17,18.553536
-5.0,10,18.977884
-4.0,17,19.743709
-3.0,23,20.823297
-3.0,26,21.891401
-3.0,26,22.939974
-5.0,5,23.16116
-1.0,35,24.642071
-5.0,11,25.133358
