# {"t_start": 1562174211.0564318, "env_id": "citycopter-v0"} 
r,l,t
-5.0,5,11.760237
-5.0,6,12.138544
-5.0,6,12.494366
-4.0,14,13.243978
-5.0,7,13.606332
-5.0,7,13.945091
-5.0,10,14.437475
-5.0,11,14.918321
-5.0,10,15.398379
-5.0,7,15.686021
-5.0,11,16.18744
-5.0,9,16.562919
-4.0,17,17.155607
-5.0,5,17.399171
-4.0,14,18.034231
-1.0,35,19.588423
-5.0,9,20.016232
-5.0,7,20.353951
-3.0,26,21.504045
-5.0,7,21.769562
-4.0,17,22.477676
-4.0,16,23.130702
-2.0,33,24.522989
