# {"t_start": 1562164640.0768807, "env_id": "Catcher-v0"} 
r,l,t
-6.0,33,2.678777
-6.0,46,3.105519
-6.0,41,3.433396
-5.0,73,4.03652
-6.0,37,4.374748
-6.0,37,4.681671
-5.0,79,5.336409
-5.0,84,6.099143
-6.0,46,6.541775
-6.0,33,6.837986
-4.0,104,7.649534
