# {"t_start": 1562164640.0812786, "env_id": "Catcher-v0"} 
r,l,t
-6.0,44,2.780049
-6.0,33,3.082696
-5.0,81,3.734723
-6.0,41,4.07939
-5.0,79,4.773493
-4.0,108,5.730995
-3.0,135,6.935662
-6.0,37,7.226788
-2.0,193,8.726014
