# {"t_start": 1562164640.1534553, "env_id": "Catcher-v0"} 
r,l,t
0.0,236,4.353486
-6.0,37,4.659328
-6.0,42,5.011358
-6.0,35,5.303619
-6.0,35,5.634688
-6.0,37,5.959146
0.0,257,8.079743
-6.0,39,8.379311
