# {"t_start": 1562164640.160729, "env_id": "Catcher-v0"} 
r,l,t
-5.0,72,2.946246
-6.0,33,3.215
-6.0,42,3.559346
-6.0,44,3.927064
-6.0,33,4.223581
-2.0,186,5.84306
-6.0,37,6.211942
-2.0,167,7.579407
-4.0,99,8.330366
-5.0,75,8.935837
