# {"t_start": 1562164640.1642807, "env_id": "Catcher-v0"} 
r,l,t
-6.0,33,2.592929
-6.0,35,2.902957
-5.0,75,3.519325
-6.0,42,3.862685
-5.0,66,4.45874
-5.0,75,5.099272
-6.0,33,5.378393
-5.0,80,6.105478
-6.0,46,6.52553
-6.0,39,6.887114
-6.0,35,7.163568
-5.0,83,7.796036
-6.0,37,8.069581
-6.0,39,8.368545
-6.0,33,8.643632
