# {"t_start": 1562164640.175713, "env_id": "Catcher-v0"} 
r,l,t
-6.0,44,2.686176
-3.0,139,3.82307
-6.0,44,4.245768
-5.0,75,4.876279
-6.0,42,5.21598
-6.0,35,5.563548
-5.0,80,6.316458
-5.0,64,6.86172
1.0,272,8.981029
