# {"t_start": 1562164640.1848123, "env_id": "Catcher-v0"} 
r,l,t
-5.0,73,2.935098
-6.0,39,3.255184
-5.0,72,3.828166
-6.0,35,4.146217
-6.0,41,4.504635
-5.0,77,5.1555
-5.0,77,5.857175
-6.0,33,6.184078
0.0,242,8.121651
-5.0,70,8.691717
