# {"t_start": 1562164640.1902328, "env_id": "Catcher-v0"} 
r,l,t
-6.0,42,2.653202
-5.0,70,3.24995
-6.0,37,3.547809
-2.0,168,5.003144
-6.0,39,5.324862
-6.0,35,5.668915
-6.0,41,6.019705
-6.0,46,6.448135
-5.0,76,7.083865
-6.0,42,7.405831
