# {"t_start": 1562164640.0884414, "env_id": "Catcher-v0"} 
r,l,t
-6.0,39,2.71525
-4.0,99,3.54847
-6.0,46,3.922812
-5.0,80,4.642216
-6.0,37,4.94979
-5.0,76,5.629453
-6.0,33,5.914689
-5.0,75,6.600932
0.0,259,8.632342
-6.0,37,8.947306
