# {"t_start": 1562164640.0981162, "env_id": "Catcher-v0"} 
r,l,t
-5.0,68,2.968022
-4.0,102,3.804111
-6.0,33,4.102677
-6.0,44,4.489409
-6.0,33,4.773881
-6.0,35,5.066597
-6.0,33,5.332788
-4.0,103,6.318985
1.0,279,8.521711
