# {"t_start": 1562164640.1056142, "env_id": "Catcher-v0"} 
r,l,t
-4.0,105,3.271005
-6.0,33,3.530556
-4.0,109,4.482055
-6.0,35,4.791221
-2.0,169,6.313679
-6.0,37,6.619027
-5.0,71,7.218808
-1.0,213,8.865379
