# {"t_start": 1562164640.1077745, "env_id": "Catcher-v0"} 
r,l,t
-6.0,41,2.722316
-6.0,33,3.026765
-4.0,111,3.917661
-6.0,37,4.255595
0.0,269,6.649808
-3.0,149,7.823507
-4.0,105,8.626697
