# {"t_start": 1562164640.1576893, "env_id": "Catcher-v0"} 
r,l,t
-6.0,39,2.647602
-6.0,41,3.036972
-6.0,33,3.300923
-2.0,180,4.819225
-1.0,204,6.661003
-6.0,37,6.967674
-5.0,81,7.594966
-4.0,92,8.286304
-6.0,41,8.618965
