# {"t_start": 1562164640.127709, "env_id": "Catcher-v0"} 
r,l,t
-5.0,66,2.920224
-6.0,46,3.312848
-6.0,41,3.645516
-6.0,39,3.973741
-5.0,75,4.63326
-6.0,42,4.98781
-6.0,41,5.329618
-5.0,67,5.943328
-6.0,35,6.309235
0.0,254,8.302384
-5.0,84,8.989115
