# {"t_start": 1562164640.134037, "env_id": "Catcher-v0"} 
r,l,t
-5.0,77,3.031138
-4.0,110,3.918736
-6.0,39,4.274754
-3.0,123,5.310318
-5.0,81,6.043384
-4.0,116,7.083307
0.0,241,8.950072
