# {"t_start": 1562164640.1398845, "env_id": "Catcher-v0"} 
r,l,t
-6.0,46,2.751836
-6.0,41,3.115304
-3.0,135,4.223662
-6.0,39,4.568743
-6.0,44,4.940281
-5.0,71,5.560749
-4.0,117,6.63802
-5.0,78,7.280283
-6.0,41,7.574862
-3.0,134,8.619303
